{
  "prompt_v1_scores": {
    "faithfulness": 0.9511428571428572,
    "answer_relevancy": 0.9168324229222742,
    "context_recall": 1.0,
    "context_precision": 0.9449999999265833
  },
  "prompt_v2_scores": {
    "faithfulness": 0.9431921966921968,
    "answer_relevancy": 0.8892489490699416,
    "context_recall": 1.0,
    "context_precision": 0.9416666665954168
  },
  "target_met": true
}